id;expiry;registration_date;theme_picture
1;2023-04-09T06:55:22;2023-04-08T17:59:37;36341
2;2023-04-08T19:40:47;2023-04-09T07:11:14;45060
3;2023-04-09T11:05:46;2023-04-09T01:42:23;95972
4;2023-04-08T16:49:53;2023-04-09T00:20:01;97070
5;2023-04-09T14:05:52;2023-04-09T07:58:00;78689
6;2023-04-09T06:28:46;2023-04-08T22:33:03;13588
7;2023-04-09T00:00:20;2023-04-09T00:09:15;4427
8;2023-04-09T03:20:05;2023-04-09T08:03:21;83126
9;2023-04-09T13:59:33;2023-04-09T11:49:31;28743
10;2023-04-09T02:42:12;2023-04-09T05:41:52;58601
